11682260,"vertical
11682260,scroll
11682260,bar
11682260,in
11682260,JTable"
20814973,"Restore
20814973,Text
20814973,Selection
20814973,from
20814973,a
20814973,Range"
25348911,"Administrators
25348911,and
25348911,TestedUsers"
14873462,"android
14873462,how
14873462,to
14873462,draw
14873462,achart
14873462,line
14873462,graph
14873462,with
14873462,multiple
14873462,plot
14873462,at
14873462,same
14873462,date
14873462,with
14873462,depend
14873462,upon
14873462,time
14873462,series"
15914213,"SQL
15914213,evaluates
15914213,to
15914213,true
15914213,when
15914213,it
15914213,should
15914213,not"
20630855,"How
20630855,to
20630855,change
20630855,grid
20630855,column
20630855,value
20630855,on
20630855,DataBound
20630855,event"
2681543,"C#
2681543,says
2681543,this.Controls
2681543,is
2681543,null
3277157,"Very
3277157,simple
3277157,query
3277157,on
3277157,mySQL
3277157,(beginner
3277157,question)"
23407764,"Linearize
23407764,a
23407764,max
23407764,constraint"
19634800,"jQuery
19634800,on()
19634800,-
19634800,is
19634800,event.delegateTarget
19634800,the
19634800,best
19634800,way
19634800,to
19634800,get
19634800,the
19634800,main
19634800,container
19634800,of
19634800,on()
19634800,function?"
1777377,"ColdFusion
1777377,Hibernate
1777377,Generated
1777377,Database"
5828372,"404
5828372,error
5828372,when
5828372,loading
5828372,a
5828372,image"
15837102,"Child
15837102,Form
15837102,Object
15837102,References
15837102,Returning
15837102,Incorrect
15837102,Values"
21758466,"Fancyselect
21758466,interrups
21758466,change
21758466,function"
2784797,"Is
2784797,there
2784797,a
2784797,file
2784797,diff
2784797,tool
2784797,that
2784797,allows
2784797,for
2784797,exceptions?"
22922668,"Simultaneously
22922668,scroll
22922668,three
22922668,iFrames
22922668,containing
22922668,PDF
22922668,files"
21166883,"Fit
21166883,to
21166883,Screen
21166883,device
21166883,metrics
21166883,in
21166883,Chrome
21166883,DevTools"
13043290,"xml
13043290,sorting
13043290,fn
13043290,not
13043290,working"
22377044,"Bootstrap
22377044,3
22377044,div
22377044,collapse
22377044,order"
11150265,"Drawing
11150265,text
11150265,with
11150265,accented
11150265,characters
11150265,(i.e.
11150265,French
11150265,Text)"
14420315,"jQuery
14420315,UI
14420315,Accordion
14420315,Jumpy
14420315,When
14420315,Opened"
24316032,"Can
24316032,PIL
24316032,be
24316032,used
24316032,to
24316032,get
24316032,dimensions
24316032,of
24316032,an
24316032,svg
24316032,file?"
17360244,"Suppressing
17360244,""Bad
17360244,system
17360244,call""
17360244,Message"
22491255,"How
22491255,can
22491255,I
22491255,place
22491255,two
22491255,DIVs
22491255,inside
22491255,a
22491255,horizontal
22491255,fixed
22491255,header
22491255,and
22491255,make
22491255,all
22491255,the
22491255,content
22491255,vertically
22491255,align?"
7746238,"A
7746238,process's
7746238,files
7953553,"Disable
7953553,caching
7953553,of
7953553,DomainContext
7953553,/
7953553,DomainDataSource
7953553,in
7953553,Silverlight
7953553,RIA
7953553,Services"
23541081,"Magento
23541081,Magmi
23541081,Import
23541081,Tool
23541081,-
23541081,Not
23541081,importing
23541081,products
23541081,into
23541081,specified
23541081,store/category
23541081,root"
22747073,"PYTHON
22747073,-
22747073,Distance
22747073,between
22747073,closest
22747073,pair
22747073,in
22747073,a
22747073,list"
13541221,"hibernate:
13541221,how
13541221,to
13541221,create
13541221,a
13541221,composite
13541221,foreign
13541221,key
13541221,in
13541221,xml?"
11579822,"Peer
11579822,to
11579822,peer
11579822,chat
11579822,application
11579822,in
11579822,php"
9948722,"Implementing
9948722,custom
9948722,indexer
9948722,on
9948722,a
9948722,collection"
17306698,"Why
17306698,Android
17306698,libslide
17306698,menu
17306698,with
17306698,actionbarsherlock
17306698,open
17306698,automatically?"
3785365,"Basic
3785365,CSS
3785365,alignment
3785365,question"
9069747,"Powershell
9069747,-
9069747,Applicaiton
9069747,pool
9069747,-
9069747,Advanced
9069747,settings
9069747,-
9069747,Regular
9069747,Time
9069747,Interval"
4983250,"Static
4983250,positioned
4983250,div
4983250,box
4983250,problem"
2048867,"How
2048867,can
2048867,I
2048867,build
2048867,a
2048867,string
2048867,resource
2048867,from
2048867,other
2048867,string
2048867,resources
2048867,in
2048867,WPF?"
23169785,"ListView
23169785,selecioint
23169785,all
23169785,checkboxes"
20340800,"Javascript
20340800,and
20340800,Knockout"
22869524,"Omnipay
22869524,common
22869524,abstract-class
22869524,tests
22869524,fail"
6398908,"read
6398908,not
6398908,prompting
6398908,when
6398908,i/p
6398908,redirected
6398908,from
6398908,a
6398908,file"
23482903,"Django
23482903,flatpages
23482903,app
23482903,will
23482903,not
23482903,work"
21476861,"Java:
21476861,multiple
21476861,self
21476861,refreshing
21476861,cache
21476861,object"
12532051,"-XX:OnOutOfMemoryError=""<cmd>
12532051,<arg>""
12532051,gives
12532051,Error
12532051,:
12532051,Could
12532051,not
12532051,find
12532051,or
12532051,load
12532051,main
12532051,class
12532051,<arg>"
8929717,"Website
8929717,design
8929717,prevents
8929717,data
8929717,being
8929717,posted
8929717,to
8929717,server"
18329434,"Why
18329434,does
18329434,my
18329434,image
18329434,overlap
18329434,with
18329434,my
18329434,words?"
4397555,"TreeNode
4397555,ForeColor
4397555,change
4397555,SelectedNode.ForeColor"
20281448,"How
20281448,to
20281448,write
20281448,a
20281448,shell
20281448,(.sh)
20281448,script
20281448,for
20281448,the
20281448,following"
25489400,"Lua:
25489400,String
25489400,to
25489400,name?"
22139184,"How
22139184,to
22139184,calculate
22139184,user
22139184,posts"
22055276,"Sort
22055276,cell
22055276,array
22055276,in
22055276,a
22055276,dictionary
22055276,sorting
22055276,fashion?"
25608468,"Apache
25608468,virtual
25608468,host
25608468,both
25608468,static
25608468,and
25608468,dynamic"
4360625,"Android
4360625,problem
4360625,getting
4360625,Arraylist<double[]>
4360625,from
4360625,cursor"
3392722,"python:
3392722,append
3392722,a
3392722,list
3392722,of
3392722,values
3392722,into
3392722,a
3392722,list"
5639012,"Using
5639012,XMPP
5639012,with
5639012,iPhone
5639012,SDK?"
21540730,"Updating
21540730,div
21540730,from
21540730,textarea
21540730,value"
12840922,"View
12840922,descriptor
12840922,not
12840922,found
12840922,exception
12840922,in
12840922,eclipse
12840922,PDE"
6120829,"How
6120829,do
6120829,I
6120829,automate
6120829,file
6120829,extension
6120829,change
6120829,for
6120829,Matlab
6120829,files
6120829,pushed
6120829,to
6120829,GitHub?"
21483409,"Replace
21483409,UrlEncodedFormEntity
21483409,with
21483409,stringEntity
21483409,Android"
6417459,"how
6417459,do
6417459,i
6417459,animate
6417459,a
6417459,div
6417459,the
6417459,width
6417459,of
6417459,each
6417459,child
6417459,image.
6417459,and
6417459,at
6417459,the
6417459,end
6417459,return
6417459,it
6417459,to
6417459,the
6417459,beginning"
24113241,"Google
24113241,Maps
24113241,API
24113241,-
24113241,Marker
24113241,not
24113241,showing"
16613908,"How
16613908,to
16613908,declare
16613908,a
16613908,global
16613908,variable
16613908,with
16613908,multiple
16613908,properties?"
27152362,"Vaadin
27152362,7
27152362,sessions
27152362,and
27152362,global
27152362,object"
24194078,"How
24194078,to
24194078,get
24194078,model
24194078,attributes
24194078,to
24194078,load
24194078,LAST"
24443512,"How
24443512,to
24443512,tilt
24443512,compensate
24443512,my
24443512,magnetometer
24443512,?
24443512,Tried
24443512,a
24443512,lot"
10479651,"Restoring
10479651,Google
10479651,App
10479651,Engine
10479651,datastore"
17107505,"WPF
17107505,application
17107505,send
17107505,parameters
17107505,(MvvmLight
17107505,with
17107505,Page
17107505,navigation)"
18571320,"Parsley
18571320,form
18571320,not
18571320,submitting"
28140899,"how
28140899,to
28140899,parse
28140899,google
28140899,result
28140899,number
28140899,by
28140899,java"
25711711,"spotipy
25711711,authorization
25711711,code
25711711,flow"
4753950,"Could
4753950,not
4753950,load
4753950,file
4753950,or
4753950,assembly
4753950,'Microsoft.Practices.EnterpriseLibrary.ExceptionHandling"
2105762,"nhibernate
2105762,datasource
2105762,sqlite
2105762,relative
2105762,filepath"
26930100,"Cluster
26930100,Count
26930100,:
26930100,Unstable"
3130367,"free
3130367,web
3130367,based
3130367,'sw
3130367,features
3130367,management
3130367,tool'"
27176073,"fatal:
27176073,cannot
27176073,exec
27176073,'/home/<user>/.ssh':
27176073,Permission
27176073,denied
27176073,when
27176073,using
27176073,Git"
19558473,"mail
19558473,function
19558473,cause
19558473,time
19558473,out
19558473,!
19558473,During
19558473,mass
19558473,mail."
17545596,"IIS
17545596,-
17545596,the
17545596,request
17545596,is
17545596,rejected
17545596,by
17545596,HTTP
17545596,filter
17545596,when
17545596,there
17545596,are
17545596,european
17545596,char
17545596,in
17545596,the
17545596,url"
28621649,"How
28621649,to
28621649,post
28621649,json
28621649,data
28621649,and
28621649,image(file)
28621649,using
28621649,curl
28621649,REST
28621649,API
28621649,using
28621649,command
28621649,line?"
7939752,"C#
7939752,.NET
7939752,custom
7939752,Controls
7939752,/
7939752,Components
7939752,custom
7939752,drawing"
20971757,"ios
20971757,switching
20971757,views
20971757,not
20971757,functional"
8351412,"Measure
8351412,FPS
8351412,methods"
14537379,"kendoui
14537379,validation
14537379,tooltip
14537379,in
14537379,custom
14537379,popup
14537379,editor
14537379,not
14537379,positioning
14537379,correctly"
11707898,"Parsing
11707898,a
11707898,Text
11707898,File
11707898,To
11707898,Extract
11707898,a
11707898,String"
8909891,"ASP.net
8909891,4
22237946,"Server
22237946,Version
22237946,Exception
22237946,trying
22237946,to
22237946,open
22237946,SkeetySoftDefects.mdf
22237946,in
22237946,SQL
22237946,Server
22237946,2008"
9047489,"unable
9047489,to
9047489,pass
9047489,the
9047489,imageid
9047489,to
9047489,the
9047489,other
9047489,page
9047489,using
9047489,get
9047489,method"
7184319,"How
7184319,to
7184319,retrieve
7184319,URL
7184319,fragment
7184319,identifier
7184319,in
7184319,JSP"
1528313,"Is
1528313,it
1528313,considered
1528313,standard
1528313,practice
1528313,to
1528313,turn
1528313,off
1528313,notices
1528313,in
1528313,the
1528313,error
1528313,log
1528313,for
1528313,PHP
1528313,development"
12667321,"Any
12667321,O(n)
12667321,algorithm
12667321,for
12667321,smoosh
12667321,method?"
15954838,"Matlab
15954838,function
15954838,return
15954838,value"
16543898,"Use
16543898,Javascript
16543898,to
16543898,scroll
16543898,in
16543898,HTML
16543898,tables?"
10755560,"Auto-Recover
10755560,when
10755560,DBNETLIB
10755560,ConnectionWrite
10755560,General
10755560,network
10755560,error
10755560,causes
10755560,ADO
10755560,connections
10755560,to
10755560,go
10755560,offline
10755560,in
10755560,Delphi
10755560,applications?"
14865945,"Check
14865945,Whether
14865945,or
14865945,Not
14865945,An
14865945,Input
14865945,is
14865945,a
14865945,Fibonacci
14865945,Number"
9175075,"Using
9175075,custom
9175075,wordpress
9175075,taxonomies
9175075,for
9175075,aktivity-streams?"
26195332,"C
26195332,-
26195332,write()
26195332,not
26195332,writing
26195332,to
26195332,file"
25643041,"What's
25643041,the
25643041,difference
25643041,between
25643041,MVC
25643041,and
25643041,MVA"
6111543,"how
6111543,can
6111543,I
6111543,convert
6111543,string
6111543,to
6111543,an
6111543,array
6111543,with
6111543,separator?"
1202999,"Issue
1202999,with
1202999,GetLocalResource
1202999,object"
10739640,"Serialized
10739640,JSON
10739640,Object
10739640,appearing
10739640,as
10739640,Null
10739640,at
10739640,controller"
1904231,"Encypt
1904231,2
1904231,pieces
1904231,of
1904231,data
1904231,separatly
1904231,and
1904231,export
1904231,as
1904231,one
1904231,file
1904231,via
1904231,Rijmdael
1904231,in
1904231,C#"
12540914,"Curses
12540914,Fill
12540914,Block"
