<keymap version="1" name="Default for Windows copy" parent="$default">
  <action id="CommentByLineComment">
    <keyboard-shortcut first-keystroke="shift ctrl 7" />
  </action>
  <action id="EditorDeleteLine">
    <keyboard-shortcut first-keystroke="shift ctrl k" />
  </action>
  <action id="Jdbc.OpenConsole.New">
    <keyboard-shortcut first-keystroke="ctrl #10000bd" />
  </action>
  <action id="MoveTabRight">
    <keyboard-shortcut first-keystroke="ctrl #10000c5" />
  </action>
  <action id="QuickImplementations" />
  <action id="ReformatCode">
    <keyboard-shortcut first-keystroke="shift ctrl i" />
  </action>
  <action id="ToggleBookmark7" />
  <action id="Vcs.Push" />
</keymap>